Date,Name,Year,Letterboxd URI
2024-04-26,Apocalypse Now,1979,https://boxd.it/6ZS
2024-04-26,Citizen Kane,1941,https://boxd.it/71O
2024-04-26,Blue Valentine,2010,https://boxd.it/MxG
2024-04-26,Grave of the Fireflies,1988,https://boxd.it/1RUM
2024-04-26,Léolo,1992,https://boxd.it/1Uxw
2024-04-26,Network,1976,https://boxd.it/1VqG
2024-04-26,Waking Life,2001,https://boxd.it/1Zdc
2024-04-26,Paprika,2006,https://boxd.it/23wW
2024-04-26,Adaptation.,2002,https://boxd.it/26mA
2024-04-26,The Virgin Suicides,1999,https://boxd.it/28JG
2024-04-26,One Flew Over the Cuckoo's Nest,1975,https://boxd.it/2aeA
2024-04-26,Capote,2005,https://boxd.it/2atq
2024-04-26,Magnolia,1999,https://boxd.it/2aze
2024-04-26,A Clockwork Orange,1971,https://boxd.it/2aVE
2024-04-26,2001: A Space Odyssey,1968,https://boxd.it/2bf0
2024-04-26,The Ambassador,2011,https://boxd.it/2XEM
2024-04-26,When Marnie Was There,2014,https://boxd.it/78pm
2024-04-26,Pawn Sacrifice,2014,https://boxd.it/7dlE
2024-04-26,Love & Mercy,2014,https://boxd.it/8bd6
2024-04-26,99 Homes,2014,https://boxd.it/8KuG
2024-04-26,Mission Blue,2014,https://boxd.it/8SH4
2024-04-26,Youth,2015,https://boxd.it/9Y7S
2024-04-26,Unity,2015,https://boxd.it/bziA
2024-04-26,Samurai Champloo,2004,https://boxd.it/o8go
2024-04-26,Doodlebug,1997,https://boxd.it/TZC
2024-04-26,Crazy Heart,2009,https://boxd.it/1wds
2024-04-26,The Secret Garden,1993,https://boxd.it/1Uim
2024-04-26,The Princess and the Frog,2009,https://boxd.it/1WQq
2024-04-26,I'm Not There,2007,https://boxd.it/24Ys
2024-04-26,The Treasure of the Sierra Madre,1948,https://boxd.it/25Lk
2024-04-26,Mulholland Drive,2001,https://boxd.it/297o
2024-04-26,Lincoln,2012,https://boxd.it/2n2s
2024-04-26,Wolf Children,2012,https://boxd.it/3Ipk
2024-04-26,Upstream Color,2013,https://boxd.it/4Cwc
2024-04-26,Only Lovers Left Alive,2013,https://boxd.it/4O1U
2024-04-26,The End of the Tour,2015,https://boxd.it/7jIE
2024-04-26,The Handmaiden,2016,https://boxd.it/948A
2024-04-26,The Red Turtle,2016,https://boxd.it/bdkE
2024-04-26,Loving Vincent,2017,https://boxd.it/biIQ
2024-04-26,American Honey,2016,https://boxd.it/bk7C
2024-04-26,Quay,2015,https://boxd.it/bQZm
2024-04-26,After the Storm,2016,https://boxd.it/d0HY
2024-04-26,Phantom Thread,2017,https://boxd.it/e4uc
2024-04-26,Lean on Pete,2017,https://boxd.it/emgM
2024-04-26,Goodbye Christopher Robin,2017,https://boxd.it/eMZS
2024-04-26,Loveless,2017,https://boxd.it/fcFa
2024-04-26,The Breadwinner,2017,https://boxd.it/frLs
2024-04-26,Submarine,2010,https://boxd.it/H4a
2024-04-26,The Panic in Needle Park,1971,https://boxd.it/1rwu
2024-04-26,Days of Heaven,1978,https://boxd.it/1JRg
2024-04-26,Calvaire,2004,https://boxd.it/1ROk
2024-04-26,Kids,1995,https://boxd.it/1YUY
2024-04-26,Shooting Dogs,2005,https://boxd.it/201G
2024-04-26,"Aguirre, the Wrath of God",1972,https://boxd.it/27Fe
2024-04-26,Do the Right Thing,1989,https://boxd.it/29gA
2024-04-26,"Good Morning, Vietnam",1987,https://boxd.it/29Aq
2024-04-26,Akira,1988,https://boxd.it/2b1i
2024-04-26,Ticket to Heaven,1981,https://boxd.it/4cTO
2024-04-26,Crimson Peak,2015,https://boxd.it/62Ty
2024-04-26,The Light Between Oceans,2016,https://boxd.it/8Lf8
2024-04-26,Victoria,2015,https://boxd.it/amSe
2024-04-26,The True Cost,2015,https://boxd.it/bgtO
2024-04-26,The Disaster Artist,2017,https://boxd.it/cTqc
2024-04-26,Borg vs McEnroe,2017,https://boxd.it/dViG
2024-04-26,Brawl in Cell Block 99,2017,https://boxd.it/dWOo
2024-04-26,Call Me by Your Name,2017,https://boxd.it/dYmm
2024-04-26,Abacus: Small Enough to Jail,2016,https://boxd.it/etNI
2024-04-26,Mudbound,2017,https://boxd.it/eCsu
2024-04-26,Columbus,2017,https://boxd.it/eCuA
2024-04-26,"Love, Simon",2018,https://boxd.it/g02s
2024-04-26,Counterpart,2014,https://boxd.it/hETo
2024-04-26,Witness for the Prosecution,1957,https://boxd.it/18H4
2024-04-26,The White Diamond,2004,https://boxd.it/1yBc
2024-04-26,Legion,2010,https://boxd.it/1zVi
2024-04-26,Suspiria,1977,https://boxd.it/1SNW
2024-04-26,Dog Soldiers,2002,https://boxd.it/1SRE
2024-04-26,Primeval,2007,https://boxd.it/24yu
2024-04-26,Doctor Zhivago,1965,https://boxd.it/29jk
2024-04-26,Miller's Crossing,1990,https://boxd.it/2avG
2024-04-26,Raising Arizona,1987,https://boxd.it/2avQ
2024-04-26,Barton Fink,1991,https://boxd.it/2aFQ
2024-04-26,In Order of Disappearance,2014,https://boxd.it/7pCW
2024-04-26,Virunga,2014,https://boxd.it/7QtC
2024-04-26,Everybody Wants Some!!,2016,https://boxd.it/9mgM
2024-04-26,The Lost City of Z,2016,https://boxd.it/a7jS
2024-04-26,Summer 1993,2017,https://boxd.it/fAfK
2024-04-26,Arctic,2018,https://boxd.it/gc1Q
2024-04-26,Jane,2017,https://boxd.it/gStC
2024-04-26,Boy Erased,2018,https://boxd.it/gWxe
2024-04-26,Booksmart,2019,https://boxd.it/igNS
2024-04-26,Pain and Glory,2019,https://boxd.it/iOBQ
2024-04-26,Clergy,2018,https://boxd.it/jYZA
2024-04-26,Weathering with You,2019,https://boxd.it/kPxE
2024-04-26,We're Wolves,,https://boxd.it/syR4
2024-04-26,Barney's Version,2010,https://boxd.it/MdG
2024-04-26,Mother,2009,https://boxd.it/1m9g
2024-04-26,South Central,1992,https://boxd.it/1zwi
2024-04-26,Menace II Society,1993,https://boxd.it/1Yuc
2024-04-26,The Thin Red Line,1998,https://boxd.it/1ZTM
2024-04-26,Thelma & Louise,1991,https://boxd.it/28Ew
2024-04-26,The Host,2006,https://boxd.it/28ZY
2024-04-26,The Thomas Crown Affair,1999,https://boxd.it/29im
2024-04-26,The Act of Killing,2012,https://boxd.it/44Cg
2024-04-26,Roald Dahl's Esio Trot,2015,https://boxd.it/a72s
2024-04-26,Son of Saul,2015,https://boxd.it/b6r4
2024-04-26,The Ivory Game,2016,https://boxd.it/etZY
2024-04-26,Williams,2017,https://boxd.it/gEqE
2024-04-26,Soul,2020,https://boxd.it/ioLA
2024-04-26,Portrait of a Lady on Fire,2019,https://boxd.it/jkPq
2024-04-26,"The French Dispatch of the Liberty, Kansas Evening Sun",2021,https://boxd.it/jLP8
2024-04-26,First Cow,2019,https://boxd.it/krga
2024-04-26,The Farewell,2019,https://boxd.it/kIky
2024-04-26,Never Rarely Sometimes Always,2020,https://boxd.it/lWJk
2024-04-26,Cowboy Bebop,1998,https://boxd.it/ptES
2024-04-26,Raised by Wolves,2020,https://boxd.it/EQfw
2024-04-26,The Hitchhiker's Guide to the Galaxy,1981,https://boxd.it/MUpQ
2024-04-26,The Time Traveler's Wife,2009,https://boxd.it/1xH4
2024-04-26,The Castle,1997,https://boxd.it/1Pho
2024-04-26,Memories of Murder,2003,https://boxd.it/1TSo
2024-04-26,The Savages,2007,https://boxd.it/20ra
2024-04-26,Malcolm X,1992,https://boxd.it/27WE
2024-04-26,25th Hour,2002,https://boxd.it/28LC
2024-04-26,Boyhood,2014,https://boxd.it/3178
2024-04-26,Pride,2014,https://boxd.it/6TwM
2024-04-26,The Look of Silence,2014,https://boxd.it/8006
2024-04-26,The History of Time Travel,2014,https://boxd.it/bCaE
2024-04-26,The Discovery,2017,https://boxd.it/d4gC
2024-04-26,Darkest Hour,2017,https://boxd.it/dZZa
2024-04-26,Lucky,2017,https://boxd.it/el3M
2024-04-26,Palmer,2021,https://boxd.it/gmRW
2024-04-26,Burning,2018,https://boxd.it/hHUa
2024-04-26,Shoplifters,2018,https://boxd.it/ifY6
2024-04-26,The Courier,2020,https://boxd.it/iX7A
2024-04-26,Another Round,2020,https://boxd.it/lkba
2024-04-26,Little Fish,2020,https://boxd.it/lAFK
2024-04-26,The Father,2020,https://boxd.it/m8Ie
2024-04-26,The Assistant,2019,https://boxd.it/neWo
2024-04-26,Time,2020,https://boxd.it/oiOA
2024-04-26,My Octopus Teacher,2020,https://boxd.it/prk2
2024-04-26,The Sparks Brothers,2021,https://boxd.it/tboq
2024-04-26,Boy A,2007,https://boxd.it/1NsY
2024-04-26,An American Crime,2007,https://boxd.it/1R26
2024-04-26,Big Eyes,2014,https://boxd.it/36ms
2024-04-26,Begin Again,2013,https://boxd.it/5Ybs
2024-04-26,A Bigger Splash,2015,https://boxd.it/azgs
2024-04-26,Show Me a Hero,2015,https://boxd.it/blxc
2024-04-26,War and Peace,2016,https://boxd.it/daU4
2024-04-26,Official Secrets,2019,https://boxd.it/dLxm
2024-04-26,Christopher Robin,2018,https://boxd.it/eSj4
2024-04-26,Light of My Life,2019,https://boxd.it/fGxK
2024-04-26,Oxygen,2021,https://boxd.it/gU16
2024-04-26,Girl,2018,https://boxd.it/iGU6
2024-04-26,Three Thousand Years of Longing,2022,https://boxd.it/kmoy
2024-04-26,Togo,2019,https://boxd.it/mpjA
2024-04-26,King Richard,2021,https://boxd.it/mJZ2
2024-04-26,The Dark and the Wicked,2020,https://boxd.it/pnNk
2024-04-26,Licorice Pizza,2021,https://boxd.it/qTKY
2024-04-26,Drive My Car,2021,https://boxd.it/sv94
2024-04-26,Belfast,2021,https://boxd.it/tefG
2024-04-26,The Running Man,2025,https://boxd.it/u36A
2024-04-26,The Good Boss,2021,https://boxd.it/uVv0
2024-04-26,The Tree of Life,2011,https://boxd.it/1Zu8
2024-04-26,Badlands,1973,https://boxd.it/25Fm
2024-04-26,Mean Streets,1973,https://boxd.it/2aSU
2024-04-26,Unfriended,2014,https://boxd.it/8sXg
2024-04-26,Me Before You,2016,https://boxd.it/9n98
2024-04-26,Tigers Are Not Afraid,2017,https://boxd.it/bIww
2024-04-26,Operation Avalanche,2016,https://boxd.it/d5ei
2024-04-26,Benediction,2021,https://boxd.it/dZsg
2024-04-26,Words on Bathroom Walls,2020,https://boxd.it/j1iW
2024-04-26,Encanto,2021,https://boxd.it/kPRu
2024-04-26,Call Jane,2022,https://boxd.it/lioG
2024-04-26,The Tragedy of Macbeth,2021,https://boxd.it/lMi4
2024-04-26,The Eyes of Tammy Faye,2021,https://boxd.it/mbB6
2024-04-26,The Bad Guys,2022,https://boxd.it/nkg4
2024-04-26,A Hero,2021,https://boxd.it/p2zw
2024-04-26,Flee,2021,https://boxd.it/ponM
2024-04-26,Decision to Leave,2022,https://boxd.it/qp9e
2024-04-26,Spencer,2021,https://boxd.it/qPMG
2024-04-26,EO,2022,https://boxd.it/txhc
2024-04-26,Ascension,2021,https://boxd.it/uZ22
2024-04-26,Down with the King,2021,https://boxd.it/vDHY
2024-04-26,The Beasts,2022,https://boxd.it/w1L6
2024-04-26,Till,2022,https://boxd.it/wfwY
2024-04-26,Angst,1983,https://boxd.it/1G46
2024-04-26,The Wild Parrots of Telegraph Hill,2003,https://boxd.it/1IpA
2024-04-26,What Ever Happened to Baby Jane?,1962,https://boxd.it/1WJE
2024-04-26,Natural Born Killers,1994,https://boxd.it/2aNg
2024-04-26,Bad Education,2004,https://boxd.it/2b2K
2024-04-26,August: Osage County,2013,https://boxd.it/4OhI
2024-04-26,The Dirties,2013,https://boxd.it/4ZGa
2024-04-26,The Borderlands,2013,https://boxd.it/6dIw
2024-04-26,The Sacrament,2013,https://boxd.it/6iEY
2024-04-26,National Theatre Live: Skylight,2014,https://boxd.it/8IJk
2024-04-26,The Best of Enemies,2019,https://boxd.it/gmDA
2024-04-26,Possum,2018,https://boxd.it/gW5u
2024-04-26,At Eternity's Gate,2018,https://boxd.it/hI40
2024-04-26,After Yang,2021,https://boxd.it/lx5a
2024-04-26,Tetris,2023,https://boxd.it/rePK
2024-04-26,Living,2022,https://boxd.it/syDQ
2024-04-26,Carmen,2022,https://boxd.it/sG2o
2024-04-26,A Good Person,2023,https://boxd.it/u8sw
2024-04-26,To Leslie,2022,https://boxd.it/v1vU
2024-04-26,An Irish Goodbye,2022,https://boxd.it/xB8Q
2024-04-26,A House Made of Splinters,2022,https://boxd.it/ypmy
2024-04-26,Navalny,2022,https://boxd.it/yV2g
2024-04-26,Air,2023,https://boxd.it/Arlc
2024-04-26,Dancer in the Dark,2000,https://boxd.it/71E
2024-04-26,Beginners,2010,https://boxd.it/s2S
2024-04-26,A Single Man,2009,https://boxd.it/1dx4
2024-04-26,Shake Hands with the Devil,2007,https://boxd.it/1l8Q
2024-04-26,"They Shoot Horses, Don't They?",1969,https://boxd.it/1q9u
2024-04-26,Precious: Based on the Novel 'Push' by Sapphire,2009,https://boxd.it/1v6K
2024-04-26,Au Revoir les Enfants,1987,https://boxd.it/288U
2024-04-26,Platoon,1986,https://boxd.it/29BS
2024-04-26,The Killing Fields,1984,https://boxd.it/29Yi
2024-04-26,Leaving Las Vegas,1995,https://boxd.it/2amE
2024-04-26,The Tokyo Project,1988,https://boxd.it/5Pys
2024-04-26,Time Lapse,2014,https://boxd.it/8hCQ
2024-04-26,The Glass Castle,2017,https://boxd.it/b8za
2024-04-26,Sleeping Giant,2015,https://boxd.it/b9Ni
2024-04-26,Southbound,2015,https://boxd.it/bX3Y
2024-04-26,This Is Us,2017,https://boxd.it/gpKa
2024-04-26,Thunder Road,2018,https://boxd.it/i8Hs
2024-04-26,Passing,2021,https://boxd.it/jKdM
2024-04-26,The Wolf of Snow Hollow,2020,https://boxd.it/oeu2
2024-04-26,The Wonder,2022,https://boxd.it/v3uY
2024-04-26,Help,2021,https://boxd.it/vaiU
2024-04-26,Resurrection,2022,https://boxd.it/wUKC
2024-04-26,The Quiet Girl,2022,https://boxd.it/yvgm
2024-04-26,Melancholia,2011,https://boxd.it/bPI
2024-04-26,The White Ribbon,2009,https://boxd.it/17eU
2024-04-26,Greenberg,2010,https://boxd.it/1rt6
2024-04-26,Pontypool,2008,https://boxd.it/1yBw
2024-04-26,Noroi: The Curse,2005,https://boxd.it/1BN6
2024-04-26,Queen of the South,2011,https://boxd.it/1YRK
2024-04-26,Control,2007,https://boxd.it/22IC
2024-04-26,Mimic,1997,https://boxd.it/23zm
2024-04-26,Dogville,2003,https://boxd.it/2a8W
2024-04-26,Breaking the Waves,1996,https://boxd.it/2b1W
2024-04-26,Silence,2016,https://boxd.it/2cAo
2024-04-26,Bedevilled,2010,https://boxd.it/2iWK
2024-04-26,Frances Ha,2012,https://boxd.it/41Xg
2024-04-26,While We're Young,2014,https://boxd.it/7oOs
2024-04-26,De Palma,2015,https://boxd.it/bZDk
2024-04-26,The Space Between Us,2017,https://boxd.it/cF0u
2024-04-26,Only the Brave,2017,https://boxd.it/dRqw
2024-04-26,Unsane,2018,https://boxd.it/gKrS
2024-04-26,Beyond Evil,2021,https://boxd.it/uVPE
2024-04-26,D.P.,2021,https://boxd.it/wK9m
2024-04-26,The Offer,2022,https://boxd.it/zeES
2024-04-26,How to Blow Up a Pipeline,2022,https://boxd.it/C69e
2024-04-26,Bloodhounds,2023,https://boxd.it/H1qY
2024-04-26,Let Me In,2010,https://boxd.it/Zsa
2024-04-26,The Visitor,2007,https://boxd.it/1RVq
2024-04-26,North Country,2005,https://boxd.it/1Y10
2024-04-26,Carlito's Way,1993,https://boxd.it/226e
2024-04-26,Cold Mountain,2003,https://boxd.it/270A
2024-04-26,Breakfast on Pluto,2005,https://boxd.it/28MU
2024-04-26,The Wind That Shakes the Barley,2006,https://boxd.it/293Q
2024-04-26,The Untouchables,1987,https://boxd.it/2b6i
2024-04-26,Broken,2012,https://boxd.it/3GWQ
2024-04-26,The Bay,2012,https://boxd.it/43JK
2024-04-26,The Crash Reel,2013,https://boxd.it/4YtO
2024-04-26,In the Heart of the Sea,2015,https://boxd.it/6avY
2024-04-26,Carol,2015,https://boxd.it/7DPK
2024-04-26,Anthropoid,2016,https://boxd.it/bOr8
2024-04-26,The Brink,2015,https://boxd.it/cjX0
2024-04-26,If Beale Street Could Talk,2018,https://boxd.it/gGhu
2024-04-26,Crawl,2019,https://boxd.it/iwYi
2024-04-26,The Inventor,2023,https://boxd.it/pdPU
2024-04-26,Jett,2019,https://boxd.it/pEPM
2024-04-26,Daisy Jones & the Six,2023,https://boxd.it/FmyA
2024-04-26,Beyond the Black Rainbow,2010,https://boxd.it/EzY
2024-04-26,Sorcerer,1977,https://boxd.it/14J6
2024-04-26,Enter the Void,2009,https://boxd.it/1dy2
2024-04-26,Intermission,2003,https://boxd.it/1JrM
2024-04-26,Angela's Ashes,1999,https://boxd.it/1WmK
2024-04-26,Ben-Hur,1959,https://boxd.it/29RQ
2024-04-26,Lawrence of Arabia,1962,https://boxd.it/2wRE
2024-04-26,Palo Alto,2013,https://boxd.it/5Nzy
2024-04-26,Blackhat,2015,https://boxd.it/62Te
2024-04-26,The Judge,2014,https://boxd.it/6aiU
2024-04-26,Attack on Titan,2015,https://boxd.it/9mIc
2024-04-26,The Neon Demon,2016,https://boxd.it/9AnW
2024-04-26,Thoroughbreds,2017,https://boxd.it/dVHQ
2024-04-26,Detroit,2017,https://boxd.it/el3C
2024-04-26,The Gentlemen,2019,https://boxd.it/iYBQ
2024-04-26,Ramy Youssef: Feelings,2019,https://boxd.it/mDic
2024-04-26,Flowers,2016,https://boxd.it/BoX0
2024-04-26,We Were the Lucky Ones,2024,https://boxd.it/MdNg
2024-04-26,Flipped,2010,https://boxd.it/Tb8
2024-04-26,Duel,1971,https://boxd.it/29ui
2024-04-26,The 400 Blows,1959,https://boxd.it/2b1C
2024-04-26,The Other,1946,https://boxd.it/3Ycc
2024-04-26,Ready Player One,2018,https://boxd.it/aZes
2024-04-26,Christine,2016,https://boxd.it/bhFm
2024-04-26,Swiss Army Man,2016,https://boxd.it/bDG2
2024-04-26,Homecoming,2016,https://boxd.it/fQkc
2024-04-26,Fearless,2017,https://boxd.it/iRbw
2024-04-26,Citizen Lane,2018,https://boxd.it/j4te
2024-04-26,Totally Killer,2023,https://boxd.it/AOpG
2024-04-26,The Storyteller: Greek Myths,1991,https://boxd.it/L5hk
2024-04-26,Longitude,2000,https://boxd.it/MEoM
2024-04-26,What Dreams May Come,1998,https://boxd.it/1SoM
2024-04-26,"Synecdoche, New York",2008,https://boxd.it/23zw
2024-04-26,The Color Purple,1985,https://boxd.it/29oO
2024-04-26,Mad About Men,1954,https://boxd.it/3L2S
2024-04-26,Nebraska,2013,https://boxd.it/4exq
2024-04-26,Brooklyn,2015,https://boxd.it/5bdk
2024-04-26,Banshee Chapter,2013,https://boxd.it/6dJ0
2024-04-26,Macbeth,2015,https://boxd.it/6FE8
2024-04-26,The Voices,2014,https://boxd.it/7b3S
2024-04-26,Under the Silver Lake,2018,https://boxd.it/dSAs
2024-04-26,The Boy and the Heron,2023,https://boxd.it/ipeM
2024-04-26,Babylon,2022,https://boxd.it/mM02
2024-04-26,Upload,2019,https://boxd.it/ppwU
2024-04-26,The Beatles: Get Back,2021,https://boxd.it/xo7A
2024-04-26,Lessons in Chemistry,2023,https://boxd.it/J6wm
2024-04-26,Now and Then - The Last Beatles Song,2023,https://boxd.it/JnRw
2024-04-26,The Magician,1958,https://boxd.it/1nse
2024-04-26,Let the Right One In,2008,https://boxd.it/1Qr0
2024-04-26,Onibaba,1964,https://boxd.it/252a
2024-04-26,Barry Lyndon,1975,https://boxd.it/25A2
2024-04-26,In the Bedroom,2001,https://boxd.it/27Fo
2024-04-26,I Stand Alone,1998,https://boxd.it/28Au
2024-04-26,Little Children,2006,https://boxd.it/28Ka
2024-04-26,From Dusk Till Dawn,1996,https://boxd.it/29HQ
2024-04-26,The Conspiracy,2012,https://boxd.it/4k0s
2024-04-26,The Void,2016,https://boxd.it/d93S
2024-04-26,Summer of 84,2018,https://boxd.it/gQYe
2024-04-26,The Empty Man,2020,https://boxd.it/iIWS
2024-04-26,Roadrunner: A Film About Anthony Bourdain,2021,https://boxd.it/nRb2
2024-04-26,The Boys in the Boat,2023,https://boxd.it/v1OC
2024-04-26,Suzume,2022,https://boxd.it/yv7Y
2024-04-26,Pantheon,2018,https://boxd.it/BZn4
2024-04-26,Bunker,2025,https://boxd.it/HuXs
2024-04-26,Cyberpunk 2077: Phoenix Program,2020,https://boxd.it/O3pW
2024-04-26,Exhibit A,2007,https://boxd.it/Gi6
2024-04-26,Hardcore,1979,https://boxd.it/XyA
2024-04-26,Six Shooter,2004,https://boxd.it/1wlG
2024-04-26,Blue Collar,1978,https://boxd.it/1Nhm
2024-04-26,Wendy and Lucy,2008,https://boxd.it/1Zx2
2024-04-26,The Reader,2008,https://boxd.it/20Dq
2024-04-26,Revolutionary Road,2008,https://boxd.it/24Le
2024-04-26,Anatomy of a Murder,1959,https://boxd.it/2baa
2024-04-26,Alps,2011,https://boxd.it/2RHg
2024-04-26,Oliver and the Artful Dodger,1972,https://boxd.it/e4yy
2024-04-26,"Don't Worry, He Won't Get Far on Foot",2018,https://boxd.it/fLeo
2024-04-26,Troop Zero,2019,https://boxd.it/j6TS
2024-04-26,Bait,2019,https://boxd.it/lac8
2024-04-26,Scrapper,2023,https://boxd.it/zht4
2024-04-26,Conversations with Friends,2022,https://boxd.it/ALLY
2024-04-26,Freaky Tales,2024,https://boxd.it/B0MC
2024-04-26,The Promised Land,2023,https://boxd.it/B1hA
2024-04-26,All of Us Strangers,2023,https://boxd.it/Bz3C
2024-04-26,Dogtooth,2009,https://boxd.it/158K
2024-04-26,Tears of the Sun,2003,https://boxd.it/1YlY
2024-04-26,Get Shorty,1995,https://boxd.it/20Ga
2024-04-26,The Conversation,1974,https://boxd.it/2a38
2024-04-26,The Comedy,2012,https://boxd.it/2XNO
2024-04-26,Deadwood Park,2007,https://boxd.it/37k8
2024-04-26,The Take,2009,https://boxd.it/5jwO
2024-04-26,Our Friends in the North,1996,https://boxd.it/6iSw
2024-04-26,The Salt of the Earth,2014,https://boxd.it/7Uyc
2024-04-26,Our Friend,2019,https://boxd.it/ltxE
2024-04-26,The North Water,2021,https://boxd.it/q0nq
2024-04-26,The Novice,2021,https://boxd.it/uWMc
2024-04-26,God's Creatures,2022,https://boxd.it/veBc
2024-04-26,The Tourist,2022,https://boxd.it/yNci
2024-04-26,The Thick of It,,https://boxd.it/CrMc
2024-04-26,20 Days in Mariupol,2023,https://boxd.it/E32S
2024-04-26,Scavengers Reign,2023,https://boxd.it/K7fI
2024-04-26,Boy Swallows Universe,2024,https://boxd.it/KO5w
2024-04-26,Masters of the Air,2024,https://boxd.it/KPrS
2024-04-26,Sexy Beast,2000,https://boxd.it/1SZS
2024-04-26,Following,1998,https://boxd.it/1Tj4
2024-05-07,Happening,2021,https://boxd.it/tRts
2024-05-07,The Worst Person in the World,2021,https://boxd.it/oyws
2024-05-16,One Hour Photo,2002,https://boxd.it/1YT2
2024-05-25,Universal Language,2024,https://boxd.it/BlwA
2024-05-25,"Oh, Canada",2024,https://boxd.it/G7TU
2024-05-26,The Seed of the Sacred Fig,2024,https://boxd.it/MKo4
2024-05-26,The Shrouds,2024,https://boxd.it/AEZa
2024-05-26,All We Imagine as Light,2024,https://boxd.it/yXaQ
2024-06-02,Blow the Man Down,2019,https://boxd.it/lzJ2
2024-06-07,The American,2023,https://boxd.it/qKWw
2024-06-07,One Day,2024,https://boxd.it/L1ZM
2024-06-07,Parachute,2023,https://boxd.it/A0cW
2024-06-24,Perfect Blue,1997,https://boxd.it/1W7A
2024-06-24,Young Woman and the Sea,2024,https://boxd.it/t7jw
2024-09-03,20th Century Women,2016,https://boxd.it/bqU6
2024-09-25,You Can Count on Me,2000,https://boxd.it/1Omi
2024-12-02,Ghostlight,2024,https://boxd.it/K5c8
2024-12-02,My Old Ass,2024,https://boxd.it/zLP0
2025-01-31,Hard Truths,2024,https://boxd.it/CiDq
2025-02-15,Perfect Days,2023,https://boxd.it/ATh8
2025-02-18,Small Things Like These,2024,https://boxd.it/FHIm
2025-03-24,Ghost Stories,2017,https://boxd.it/fdA6
2025-03-24,The Last Castle,2001,https://boxd.it/27rm
2025-07-24,40 Acres,2024,https://boxd.it/OmWA
2025-07-27,Red Rooms,2023,https://boxd.it/ym4c
2025-10-06,Caught Stealing,2025,https://boxd.it/LnyS
2025-10-06,Nickel Boys,2024,https://boxd.it/CStQ
2025-10-06,No Other Land,2024,https://boxd.it/KOTG
2025-10-06,The Birdcage,1996,https://boxd.it/1UTi
2025-10-07,The Man Who Knew Too Much,1956,https://boxd.it/2a5S
2025-10-07,Eyes Without a Face,1960,https://boxd.it/1j9i
2025-10-07,Scenes from a Marriage,1974,https://boxd.it/4kJC
2025-10-07,A Man Escaped,1956,https://boxd.it/1MzY
2025-10-07,A Brighter Summer Day,1991,https://boxd.it/1Luy
2025-10-07,City Lights,1931,https://boxd.it/29ki
2025-10-07,Persona,1966,https://boxd.it/29B4
2025-10-07,Untitled Pizza Movie,2020,https://boxd.it/sAZa
2025-10-07,Birth,2004,https://boxd.it/1VvQ
2025-10-08,Do Not Expect Too Much from the End of the World,2023,https://boxd.it/zkHI
2025-10-08,Close-Up,1990,https://boxd.it/1m9q
2025-10-08,At Berkeley,2013,https://boxd.it/6iDw
2025-10-08,Eyes Wide Shut,1999,https://boxd.it/2axs
2025-10-08,Seconds,1966,https://boxd.it/1Dbe
2025-10-10,Roofman,2025,https://boxd.it/LcIW
2025-10-10,Late Shift,2025,https://boxd.it/QgzO
2025-10-10,Code 3,2025,https://boxd.it/JIcO
2025-10-10,It Was Just an Accident,2025,https://boxd.it/TX2k
2025-10-10,Splitsville,2025,https://boxd.it/PGtA
2025-10-10,The Naked Gun,2025,https://boxd.it/Da9k
2025-12-03,The Mastermind,2025,https://boxd.it/Q7ge
2025-12-03,No Other Choice,2025,https://boxd.it/nKiA
2025-12-03,The Secret Agent,2025,https://boxd.it/KkUE
2026-01-08,The Testament of Ann Lee,2025,https://boxd.it/RTTU
2026-01-08,Train Dreams,2025,https://boxd.it/LdDo
2026-01-08,Predators,2025,https://boxd.it/RSoc
2026-01-08,Jay Kelly,2025,https://boxd.it/EsWw
2026-01-18,Tombstone,1993,https://boxd.it/1SE6
2026-02-20,Y Tu Mamá También,2001,https://boxd.it/28QM
2026-02-23,I Swear,2025,https://boxd.it/Og8k
2026-04-08,Shallow Grave,1994,https://boxd.it/1XyW
2026-04-08,Let Him Have It,1991,https://boxd.it/56i
2026-04-08,Widows,2018,https://boxd.it/e6gc
2026-04-08,The Post,2017,https://boxd.it/fTeG
2026-04-10,Mile End Kicks,2025,https://boxd.it/IFxC
2026-04-10,Hoppers,2026,https://boxd.it/OFpg
2026-04-10,Josephine,2026,https://boxd.it/NzPA
2026-04-10,The History of Concrete,2026,https://boxd.it/ZsHI
